{
    "resource_pack_name": "vanilla",
    "texture_data": {
        "ruby": {
            "textures": "textures/items/ruby"
        },
        "ruby_helmet": {
            "textures": "textures/items/ruby_helmet"
        },
        "ruby_chestplate": {
            "textures": "textures/items/ruby_chestplate"
        },
        "ruby_leggings": {
            "textures": "textures/items/ruby_leggings"
        },
        "ruby_boots": {
            "textures": "textures/items/ruby_boots"
        },
        "ruby_sword": {
            "textures": "textures/items/ruby_sword"
        },
        "ruby_pickaxe": {
            "textures": "textures/items/ruby_pickaxe"
        },
        "ruby_axe": {
            "textures": "textures/items/ruby_axe"
        },
        "ruby_shovel": {
            "textures": "textures/items/ruby_shovel"
        },
        "ruby_hoe": {
            "textures": "textures/items/ruby_hoe"
        },
        "ruby_apple": {
            "textures": "textures/items/ruby_apple"
        },
        "ruby_bundle": {
            "textures": "textures/items/ruby_bundle"
        },
        "ruby_carrot": {
            "textures": "textures/items/ruby_carrot"
        },
        "ruby_nether_wart": {
            "textures": "textures/items/ruby_nether_wart"
        },
        "ruby_hopper": {
            "textures": "textures/items/ruby_hopper"
        }
    }
}        