{
  "num_mip_levels": 4,
  "padding": 8,
  "resource_pack_name": "vanilla",
  "texture_data": {
    "ruby_block": {
      "textures": "textures/blocks/ruby_block"
    },
    "ruby_carrot_0": {
      "textures": "textures/blocks/ruby_carrots_stage_0"
    },
    "ruby_carrot_1": {
      "textures": "textures/blocks/ruby_carrots_stage_0"
    },
    "ruby_carrot_2": {
      "textures": "textures/blocks/ruby_carrots_stage_1"
    },
    "ruby_carrot_3": {
      "textures": "textures/blocks/ruby_carrots_stage_1"
    },
    "ruby_carrot_4": {
      "textures": "textures/blocks/ruby_carrots_stage_2"
    },
    "ruby_carrot_5": {
      "textures": "textures/blocks/ruby_carrots_stage_2"
    },
    "ruby_carrot_6": {
      "textures": "textures/blocks/ruby_carrots_stage_3"
    },
    "ruby_carrot_7": {
      "textures": "textures/blocks/ruby_carrots_stage_3"
    },
    "ruby_nether_wart_0": {
      "textures": "textures/blocks/ruby_nether_wart_stage_0"
    },
    "ruby_nether_wart_1": {
      "textures": "textures/blocks/ruby_nether_wart_stage_1"
    },
    "ruby_nether_wart_2": {
      "textures": "textures/blocks/ruby_nether_wart_stage_1"
    },
    "ruby_nether_wart_3": {
      "textures": "textures/blocks/ruby_nether_wart_stage_2"
    },
    "ruby_slab": {
      "textures": "textures/blocks/ruby_block"
    },
    "ruby_fence": {
      "textures": "textures/blocks/ruby_block"
    },
    "ruby_fence_gate": {
      "textures": "textures/blocks/ruby_block"
    },
    "ruby_wall": {
      "textures": "textures/blocks/ruby_block"
    },
    "ruby_trapdoor": {
      "textures": "textures/blocks/ruby_trapdoor"
    },
    "ruby_hopper_inside": {
      "textures": "textures/blocks/ruby_hopper_inside"
    },
    "ruby_hopper_outside": {
      "textures": "textures/blocks/ruby_hopper_outside"
    },
    "ruby_hopper_top": {
      "textures": "textures/blocks/ruby_hopper_top"
    }
  },
  "texture_name": "atlas.terrain"
}
