{
  "ruby_block": {
    "textures": "ruby_block",
    "sound": "stone"
  },
  "ruby_carrot": {
    "textures": "ruby_carrot",
    "sound": "grass"
  },
  "ruby_nether_wart": {
    "textures": "ruby_nether_wart",
    "sound": "nether_wart"
  },
  "ruby_slab": {
    "textures": "ruby_slab",
    "sound": "stone"
  },
  "ruby_fence": {
    "textures": "ruby_fence",
    "sound": "stone"
  },
  "ruby_fence_gate": {
    "textures": "ruby_fence_gate",
    "sound": "stone"
  },
  "ruby_wall": {
    "textures": "ruby_wall",
    "sound": "stone"
  },
  "ruby_trapdoor": {
    "textures": "ruby_trapdoor",
    "sound": "stone"
  }
}