{
	"format_version": "1.12.0",
	"minecraft:geometry": [
		{
			"description": {
				"identifier": "geometry.fence_gate",
				"texture_width": 16,
				"texture_height": 16,
				"visible_bounds_width": 2,
				"visible_bounds_height": 3.5,
				"visible_bounds_offset": [0, 1.25, 0]
			},
			"bones": [
				{
					"name": "bone",
					"pivot": [0, 0, 0],
					"cubes": [
						{
							"origin": [6, 5, -1],
							"size": [2, 11, 2],
							"uv": {
								"north": {"uv": [2.1, 4], "uv_size": [2, 11]},
								"east": {"uv": [0.1, 4], "uv_size": [2, 11]},
								"south": {"uv": [6.1, 4], "uv_size": [2, 11]},
								"west": {"uv": [4.1, 4], "uv_size": [2, 11]},
								"up": {"uv": [2, 0], "uv_size": [2, 2]},
								"down": {"uv": [4, 2], "uv_size": [2, -2]}
							}
						},
						{
							"origin": [-8, 5, -1],
							"size": [2, 11, 2],
							"uv": {
								"north": {"uv": [2, 4], "uv_size": [2, 11]},
								"east": {"uv": [0, 4], "uv_size": [2, 11]},
								"south": {"uv": [6, 4], "uv_size": [2, 11]},
								"west": {"uv": [4, 4], "uv_size": [2, 11]},
								"up": {"uv": [2, 0], "uv_size": [2, 2]},
								"down": {"uv": [4, 2], "uv_size": [2, -2]}
							}
						}
					]
				},
				{
					"name": "open",
					"parent": "bone",
					"pivot": [0, 0, 0],
					"cubes": [
						{"origin": [-8, 12, -5], "size": [2, 3, 4], "uv": [0, 1]},
						{"origin": [-8, 6, -7], "size": [2, 9, 2], "uv": [0, 3]},
						{"origin": [-8, 6, -5], "size": [2, 3, 4], "uv": [0, 3]},
						{"origin": [6, 12, -5], "size": [2, 3, 4], "uv": [0, 1]},
						{"origin": [6, 6, -7], "size": [2, 9, 2], "uv": [0, 3]},
						{"origin": [6, 6, -5], "size": [2, 3, 4], "uv": [0, 3]}
					]
				},
				{
					"name": "close",
					"parent": "bone",
					"pivot": [0, 0, 0],
					"cubes": [
						{
							"origin": [3, 6, -4],
							"size": [2, 3, 4],
							"pivot": [5, 10.5, -1],
							"rotation": [0, 90, 0],
							"uv": {
								"north": {"uv": [4, 7], "uv_size": [2, 3]},
								"east": {"uv": [0, 7], "uv_size": [4, 3]},
								"south": {"uv": [10, 7], "uv_size": [2, 3]},
								"west": {"uv": [6, 7], "uv_size": [4, 3]},
								"up": {"uv": [4, 3], "uv_size": [2, 4]},
								"down": {"uv": [6, 7], "uv_size": [2, -4]}
							}
						},
						{
							"origin": [3, 12, -4],
							"size": [2, 3, 4],
							"pivot": [5, 10.5, -1],
							"rotation": [0, 90, 0],
							"uv": {
								"north": {"uv": [4, 5], "uv_size": [2, 3]},
								"east": {"uv": [0, 5], "uv_size": [4, 3]},
								"south": {"uv": [10, 5], "uv_size": [2, 3]},
								"west": {"uv": [6, 5], "uv_size": [4, 3]},
								"up": {"uv": [4, 1], "uv_size": [2, 4]},
								"down": {"uv": [5.9, 5], "uv_size": [2, -4]}
							}
						},
						{
							"origin": [0, 6, -1],
							"size": [2, 9, 2],
							"uv": {
								"north": {"uv": [2, 5], "uv_size": [2, 9]},
								"east": {"uv": [0, 5], "uv_size": [2, 9]},
								"south": {"uv": [6, 5], "uv_size": [2, 9]},
								"west": {"uv": [4, 5], "uv_size": [2, 9]},
								"up": {"uv": [2, 0], "uv_size": [2, 2]},
								"down": {"uv": [4, 2], "uv_size": [2, -2]}
							}
						},
						{
							"origin": [-2, 6, -1],
							"size": [2, 9, 2],
							"uv": {
								"north": {"uv": [2, 5], "uv_size": [2, 9]},
								"east": {"uv": [0, 5], "uv_size": [2, 9]},
								"south": {"uv": [6, 5], "uv_size": [2, 9]},
								"west": {"uv": [4, 5], "uv_size": [2, 9]},
								"up": {"uv": [2, 0], "uv_size": [2, 2]},
								"down": {"uv": [4, 2], "uv_size": [2, -2]}
							}
						},
						{
							"origin": [-5, 12, 0],
							"size": [2, 3, 4],
							"pivot": [-5, 10.5, 1],
							"rotation": [0, 90, 0],
							"uv": {
								"north": {"uv": [4, 5], "uv_size": [2, 3]},
								"east": {"uv": [0, 5], "uv_size": [4, 3]},
								"south": {"uv": [10, 5], "uv_size": [2, 3]},
								"west": {"uv": [6, 5], "uv_size": [4, 3]},
								"up": {"uv": [4, 0], "uv_size": [2, 4]},
								"down": {"uv": [6, 4], "uv_size": [2, -4]}
							}
						},
						{
							"origin": [-5, 6, 0],
							"size": [2, 3, 4],
							"pivot": [-5, 10.5, 1],
							"rotation": [0, 90, 0],
							"uv": {
								"north": {"uv": [4, 7], "uv_size": [2, 3]},
								"east": {"uv": [0, 7], "uv_size": [4, 3]},
								"south": {"uv": [10, 7], "uv_size": [2, 3]},
								"west": {"uv": [6, 7], "uv_size": [4, 3]},
								"up": {"uv": [4, 3], "uv_size": [2, 4]},
								"down": {"uv": [6, 7], "uv_size": [2, -4]}
							}
						}
					]
				}
			]
		},
		{
			"description": {
				"identifier": "geometry.fence_gate_render",
				"texture_width": 16,
				"texture_height": 16,
				"visible_bounds_width": 2,
				"visible_bounds_height": 3.5,
				"visible_bounds_offset": [0, 1.25, 0]
			},
			"bones": [
				{
					"name": "bone",
					"pivot": [0, 0, 0],
					"cubes": [
						{
							"origin": [6, 5, -1],
							"size": [2, 11, 2],
							"uv": {
								"north": {
									"uv": [2.1, 4],
									"uv_size": [2, 11]
								},
								"east": {
									"uv": [0.1, 4],
									"uv_size": [2, 11]
								},
								"south": {
									"uv": [6.1, 4],
									"uv_size": [2, 11]
								},
								"west": {
									"uv": [4.1, 4],
									"uv_size": [2, 11]
								},
								"up": {
									"uv": [2, 0],
									"uv_size": [2, 2]
								},
								"down": {
									"uv": [4, 2],
									"uv_size": [2, -2]
								}
							}
						},
						{
							"origin": [-8, 5, -1],
							"size": [2, 11, 2],
							"uv": {
								"north": {
									"uv": [2, 4],
									"uv_size": [2, 11]
								},
								"east": {
									"uv": [0, 4],
									"uv_size": [2, 11]
								},
								"south": {
									"uv": [6, 4],
									"uv_size": [2, 11]
								},
								"west": {
									"uv": [4, 4],
									"uv_size": [2, 11]
								},
								"up": {
									"uv": [2, 0],
									"uv_size": [2, 2]
								},
								"down": {
									"uv": [4, 2],
									"uv_size": [2, -2]
								}
							}
						},
						{
							"origin": [3, 6, -4],
							"size": [2, 3, 4],
							"pivot": [5, 10.5, -1],
							"rotation": [0, 90, 0],
							"uv": {
								"north": {
									"uv": [4, 7],
									"uv_size": [2, 3]
								},
								"east": {
									"uv": [0, 7],
									"uv_size": [4, 3]
								},
								"south": {
									"uv": [10, 7],
									"uv_size": [2, 3]
								},
								"west": {
									"uv": [6, 7],
									"uv_size": [4, 3]
								},
								"up": {
									"uv": [4, 3],
									"uv_size": [2, 4]
								},
								"down": {
									"uv": [6, 7],
									"uv_size": [2, -4]
								}
							}
						},
						{
							"origin": [3, 12, -4],
							"size": [2, 3, 4],
							"pivot": [5, 10.5, -1],
							"rotation": [0, 90, 0],
							"uv": {
								"north": {
									"uv": [4, 5],
									"uv_size": [2, 3]
								},
								"east": {
									"uv": [0, 5],
									"uv_size": [4, 3]
								},
								"south": {
									"uv": [10, 5],
									"uv_size": [2, 3]
								},
								"west": {
									"uv": [6, 5],
									"uv_size": [4, 3]
								},
								"up": {
									"uv": [4, 1],
									"uv_size": [2, 4]
								},
								"down": {
									"uv": [5.9, 5],
									"uv_size": [2, -4]
								}
							}
						},
						{
							"origin": [0, 6, -1],
							"size": [2, 9, 2],
							"uv": {
								"north": {
									"uv": [2, 5],
									"uv_size": [2, 9]
								},
								"east": {
									"uv": [0, 5],
									"uv_size": [2, 9]
								},
								"south": {
									"uv": [6, 5],
									"uv_size": [2, 9]
								},
								"west": {
									"uv": [4, 5],
									"uv_size": [2, 9]
								},
								"up": {
									"uv": [2, 0],
									"uv_size": [2, 2]
								},
								"down": {
									"uv": [4, 2],
									"uv_size": [2, -2]
								}
							}
						},
						{
							"origin": [-2, 6, -1],
							"size": [2, 9, 2],
							"uv": {
								"north": {
									"uv": [2, 5],
									"uv_size": [2, 9]
								},
								"east": {
									"uv": [0, 5],
									"uv_size": [2, 9]
								},
								"south": {
									"uv": [6, 5],
									"uv_size": [2, 9]
								},
								"west": {
									"uv": [4, 5],
									"uv_size": [2, 9]
								},
								"up": {
									"uv": [2, 0],
									"uv_size": [2, 2]
								},
								"down": {
									"uv": [4, 2],
									"uv_size": [2, -2]
								}
							}
						},
						{
							"origin": [-5, 12, 0],
							"size": [2, 3, 4],
							"pivot": [-5, 10.5, 1],
							"rotation": [0, 90, 0],
							"uv": {
								"north": {
									"uv": [4, 5],
									"uv_size": [2, 3]
								},
								"east": {
									"uv": [0, 5],
									"uv_size": [4, 3]
								},
								"south": {
									"uv": [10, 5],
									"uv_size": [2, 3]
								},
								"west": {
									"uv": [6, 5],
									"uv_size": [4, 3]
								},
								"up": {
									"uv": [4, 0],
									"uv_size": [2, 4]
								},
								"down": {
									"uv": [6, 4],
									"uv_size": [2, -4]
								}
							}
						},
						{
							"origin": [-5, 6, 0],
							"size": [2, 3, 4],
							"pivot": [-5, 10.5, 1],
							"rotation": [0, 90, 0],
							"uv": {
								"north": {
									"uv": [4, 7],
									"uv_size": [2, 3]
								},
								"east": {
									"uv": [0, 7],
									"uv_size": [4, 3]
								},
								"south": {
									"uv": [10, 7],
									"uv_size": [2, 3]
								},
								"west": {
									"uv": [6, 7],
									"uv_size": [4, 3]
								},
								"up": {
									"uv": [4, 3],
									"uv_size": [2, 4]
								},
								"down": {
									"uv": [6, 7],
									"uv_size": [2, -4]
								}
							}
						}
					]
				}
			]
		}
	]
}