{
	"format_version": "1.12.0",
	"minecraft:geometry": [
		{
			"description": {
				"identifier": "geometry.hopper",
				"texture_width": 16,
				"texture_height": 16,
				"visible_bounds_width": 2,
				"visible_bounds_height": 2.5,
				"visible_bounds_offset": [0, 0.75, 0]
			},
			"bones": [
				{
					"name": "bone",
					"pivot": [0, 0, 0],
					"cubes": [
						{
							"origin": [-4, 4, -4],
							"size": [8, 6, 8],
							"uv": {
								"north": {"uv": [4, 6], "uv_size": [8, 6]},
								"east": {"uv": [4, 6], "uv_size": [8, 6]},
								"south": {"uv": [4, 6], "uv_size": [8, 6]},
								"west": {"uv": [4, 6], "uv_size": [8, 6]},
								"up": {"uv": [0, 0], "uv_size": [16, 16]},
								"down": {"uv": [0, 16], "uv_size": [16, -16]}
							}
						},
						{
							"origin": [-8, 15.9, -8],
							"size": [16, 0.1, 16],
							"uv": {
								"north": {"uv": [0, 0], "uv_size": [16, 1]},
								"east": {"uv": [0, 0], "uv_size": [16, 1]},
								"south": {"uv": [0, 0], "uv_size": [16, 0.9]},
								"west": {"uv": [0, 0], "uv_size": [16, 1]},
								"up": {"uv": [0, 0], "uv_size": [16, 16]},
								"down": {"uv": [16, 0], "uv_size": [0, 0]}
							}
						},
						{
							"origin": [-8, 10, -8],
							"size": [16, 0.1, 16],
							"uv": {
								"north": {"uv": [0, 15], "uv_size": [16, 1]},
								"east": {"uv": [0, 15], "uv_size": [16, 1]},
								"south": {"uv": [0, 15], "uv_size": [16, 1]},
								"west": {"uv": [0, 15], "uv_size": [16, 1]},
								"up": {"uv": [0, 0], "uv_size": [16, 16]},
								"down": {"uv": [0, 16], "uv_size": [16, -16]}
							}
						},
						{
							"origin": [7, 10.1, -7],
							"size": [1, 5.8, 14],
							"uv": {
								"north": {"uv": [0, 0], "uv_size": [16, 6]},
								"east": {"uv": [0, 0], "uv_size": [16, 6]},
								"south": {"uv": [0, 0], "uv_size": [16, 6]},
								"west": {"uv": [0, 0], "uv_size": [16, 6]},
								"up": {"uv": [0, 0], "uv_size": [16, 16]},
								"down": {"uv": [0, 16], "uv_size": [16, -16]}
							}
						},
						{
							"origin": [-7, 10.1, -8],
							"size": [15, 5.8, 1],
							"uv": {
								"north": {"uv": [0, 0], "uv_size": [16, 6]},
								"east": {"uv": [0, 0], "uv_size": [16, 6]},
								"south": {"uv": [0, 0], "uv_size": [16, 6]},
								"west": {"uv": [0, 0], "uv_size": [16, 6]},
								"up": {"uv": [0, 0], "uv_size": [16, 16]},
								"down": {"uv": [0, 16], "uv_size": [16, -16]}
							}
						},
						{
							"origin": [-8, 10.1, -8],
							"size": [1, 5.8, 15],
							"uv": {
								"north": {"uv": [0, 0], "uv_size": [16, 6]},
								"east": {"uv": [0, 0], "uv_size": [16, 6]},
								"south": {"uv": [0, 0], "uv_size": [16, 6]},
								"west": {"uv": [0, 0], "uv_size": [16, 6]},
								"up": {"uv": [0, 0], "uv_size": [16, 16]},
								"down": {"uv": [0, 16], "uv_size": [16, -16]}
							}
						},
						{
							"origin": [-8, 10.1, 7],
							"size": [16, 5.8, 1],
							"uv": {
								"north": {"uv": [0, 0], "uv_size": [16, 6]},
								"east": {"uv": [0, 0], "uv_size": [16, 6]},
								"south": {"uv": [0, 0], "uv_size": [16, 6]},
								"west": {"uv": [0, 0], "uv_size": [16, 6]},
								"up": {"uv": [0, 0], "uv_size": [16, 16]},
								"down": {"uv": [0, 16], "uv_size": [16, -16]}
							}
						}
					]
				},
				{
					"name": "down",
					"parent": "bone",
					"pivot": [10, 0, 0]
				},
				{
					"name": "ground",
					"parent": "bone",
					"pivot": [0, 0, 0],
					"cubes": [
						{
							"origin": [-2, 0, -2],
							"size": [4, 4, 4],
							"uv": {
								"north": {"uv": [6, 12], "uv_size": [4, 4]},
								"east": {"uv": [6, 12], "uv_size": [4, 4]},
								"south": {"uv": [32, 16], "uv_size": [4, 4]},
								"west": {"uv": [6, 12], "uv_size": [4, 4]},
								"up": {"uv": [32, 20], "uv_size": [4, 4]},
								"down": {"uv": [6, 16], "uv_size": [4, -4]}
							}
						}
					]
				},
				{
					"name": "north",
					"parent": "bone",
					"pivot": [0, 4, -6],
					"cubes": [
						{
							"origin": [-2, 4, -8],
							"size": [4, 4, 4],
							"uv": {
								"north": {"uv": [0, 10], "uv_size": [16, 6]},
								"east": {"uv": [0, 10], "uv_size": [16, 6]},
								"south": {"uv": [0, 10], "uv_size": [16, 6]},
								"west": {"uv": [0, 10], "uv_size": [16, 6]},
								"up": {"uv": [16, 16], "uv_size": [-16, -16]},
								"down": {"uv": [0, 16], "uv_size": [16, -16]}
							}
						}
					]
				},
				{
					"name": "south",
					"parent": "bone",
					"pivot": [0, 4, 6],
					"cubes": [
						{
							"origin": [-2, 4, 4],
							"size": [4, 4, 4],
							"uv": {
								"north": {"uv": [0, 10], "uv_size": [16, 6]},
								"east": {"uv": [0, 10], "uv_size": [16, 6]},
								"south": {"uv": [0, 10], "uv_size": [16, 6]},
								"west": {"uv": [0, 10], "uv_size": [16, 6]},
								"up": {"uv": [16, 16], "uv_size": [-16, -16]},
								"down": {"uv": [0, 16], "uv_size": [16, -16]}
							}
						}
					]
				},
				{
					"name": "west",
					"parent": "bone",
					"pivot": [-6, 4, 0],
					"cubes": [
						{
							"origin": [4, 4, -2],
							"size": [4, 4, 4],
							"uv": {
								"north": {"uv": [0, 10], "uv_size": [16, 6]},
								"east": {"uv": [0, 10], "uv_size": [16, 6]},
								"south": {"uv": [0, 10], "uv_size": [16, 6]},
								"west": {"uv": [0, 10], "uv_size": [16, 6]},
								"up": {"uv": [16, 16], "uv_size": [-16, -16]},
								"down": {"uv": [0, 16], "uv_size": [16, -16]}
							}
						}
					]
				},
				{
					"name": "east",
					"parent": "bone",
					"pivot": [6, 4, 0],
					"cubes": [
						{
							"origin": [-8, 4, -2],
							"size": [4, 4, 4],
							"uv": {
								"north": {"uv": [0, 10], "uv_size": [16, 6]},
								"east": {"uv": [0, 10], "uv_size": [16, 6]},
								"south": {"uv": [0, 10], "uv_size": [16, 6]},
								"west": {"uv": [0, 10], "uv_size": [16, 6]},
								"up": {"uv": [16, 16], "uv_size": [-16, -16]},
								"down": {"uv": [0, 16], "uv_size": [16, -16]}
							}
						}
					]
				}
			]
		}
	]
}