{
	"format_version": "1.12.0",
	"minecraft:geometry": [
		{
			"description": {
				"identifier": "geometry.nether_wart",
				"texture_width": 16,
				"texture_height": 16,
				"visible_bounds_width": 2,
				"visible_bounds_height": 2.5,
				"visible_bounds_offset": [0, 0.75, 0]
			},
			"bones": [
				{
					"name": "bone",
					"pivot": [8, 0, -8],
					"cubes": [
						{
							"origin": [4, 0, -8],
							"size": [0, 16, 16],
							"uv": {
								"east": {"uv": [16, 0], "uv_size": [-16, 16]},
								"west": {"uv": [0, 0], "uv_size": [16, 16]}
							}
						},
						{
							"origin": [-4, 0, -8],
							"size": [0, 16, 16],
							"uv": {
								"east": {"uv": [0, 0], "uv_size": [16, 16]},
								"west": {"uv": [16, 0], "uv_size": [-16, 16]}
							}
						},
						{
							"origin": [-8, 0, -4],
							"size": [16, 16, 0],
							"uv": {
								"north": {"uv": [0, 0], "uv_size": [16, 16]},
								"south": {"uv": [16, 0], "uv_size": [-16, 16]}
							}
						},
						{
							"origin": [-8, 0, 4],
							"size": [16, 16, 0],
							"uv": {
								"north": {"uv": [16, 0], "uv_size": [-16, 16]},
								"south": {"uv": [0, 0], "uv_size": [16, 16]}
							}
						}
					]
				}
			]
		}
	]
}