{
	"format_version": "1.12.0",
	"minecraft:geometry": [
		{
			"description": {
				"identifier": "geometry.trapdoor",
				"texture_width": 16,
				"texture_height": 16,
				"visible_bounds_width": 3,
				"visible_bounds_height": 3,
				"visible_bounds_offset": [0, 0.5, 0]
			},
			"bones": [
				{
					"name": "bone",
					"pivot": [0, 8, 0]
				},
				{
					"name": "close",
					"parent": "bone",
					"pivot": [0, 8, 0],
					"cubes": [
						{
							"origin": [-8, 0, -8],
							"size": [16, 3, 16],
							"uv": {
								"north": {"uv": [0, 0], "uv_size": [16, 3]},
								"east": {"uv": [0, 0], "uv_size": [16, 3]},
								"south": {"uv": [0, 0], "uv_size": [16, 3]},
								"west": {"uv": [0, 0], "uv_size": [16, 3]},
								"up": {"uv": [16, 16], "uv_size": [-16, -16]},
								"down": {"uv": [16, 16], "uv_size": [-16, -16]}
							}
						}
					]
				},
				{
					"name": "open",
					"parent": "bone",
					"pivot": [0, -4, 0],
					"cubes": [
						{
							"origin": [-9, 13, -7],
							"size": [16, 3, 16],
							"pivot": [-1, 9, 0],
							"rotation": [-90, -90, 0],
							"uv": {
								"north": {"uv": [0, 0], "uv_size": [16, 3]},
								"east": {"uv": [0, 0], "uv_size": [16, 3]},
								"south": {"uv": [0, 0], "uv_size": [16, 3]},
								"west": {"uv": [0, 0], "uv_size": [16, 3]},
								"up": {"uv": [16, 16], "uv_size": [-16, -16]},
								"down": {"uv": [16, 16], "uv_size": [-16, -16]}
							}
						}
					]
				}
			]
		}
	]
}